full_text,image_url,ocr_text,combined_text,processed_combined_text,pred_network,pred_body,pred_display,pred_platform,pred_performance,pred_memory,pred_camera,pred_sound,pred_communications,pred_features,pred_battery,pred_accessories
"Produk yang luar biasa dan fitur yang mengagumkan, zoom tak tertandingi

Tampilan yang luar biasa dan masa pakai baterai yang baik. S pen adalah master di liganya sendiri.

Saat menempelkan pelindung layar, pastikan lem tidak bocor ke speaker atau modul S pen karena dapat menimbulkan masalah

Untuk memanfaatkan penawaran

Silakan buka

Akun
Kupon
Semua hadiah dan gulir ke bawah

Anda akan mendapatkan penawaran yang disebutkan dan Anda dapat memesannya jika Anda memenuhi syarat

Selamat berbelanja",,,"Produk yang luar biasa dan fitur yang mengagumkan, zoom tak tertandingi

Tampilan yang luar biasa dan masa pakai baterai yang baik. S pen adalah master di liganya sendiri.

Saat menempelkan pelindung layar, pastikan lem tidak bocor ke speaker atau modul S pen karena dapat menimbulkan masalah

Untuk memanfaatkan penawaran

Silakan buka

Akun
Kupon
Semua hadiah dan gulir ke bawah

Anda akan mendapatkan penawaran yang disebutkan dan Anda dapat memesannya jika Anda memenuhi syarat

Selamat berbelanja ",fitur kagum zoom tanding tampil pakai baterai sih pengin master liga tempel lindung layar pasti lem bocor speaker modul sih pengin timbul manfaat tawar sila buka akun kupon hadiah gulir tawar mes penuh syarat selamat belanja,0,0,0,0,0,0,0,0,0,0,0,0
"Saya memesan produk ini selama periode prapemesanan, menukar OP6 lama saya.

Produknya bagus, penjual mengirimkannya tepat waktu. Proses penukaran dengan Flipkart juga bagus. Setelah periode pengembalian, saya juga mendapatkan Galaxy Buds 2 dan Watch 4 Classic.

Kualitas kameranya sangat bagus, daya tahan baterainya juga bagus. Saya mendapatkan sekitar 10 jam SOT, dan total waktu pengisian ulang baterainya 24 jam.

OneUI adalah salah satu pengalaman Android terbaik yang bisa Anda dapatkan.

Secara keseluruhan, ini adalah penawaran yang bagus.",,,"Saya memesan produk ini selama periode prapemesanan, menukar OP6 lama saya.

Produknya bagus, penjual mengirimkannya tepat waktu. Proses penukaran dengan Flipkart juga bagus. Setelah periode pengembalian, saya juga mendapatkan Galaxy Buds 2 dan Watch 4 Classic.

Kualitas kameranya sangat bagus, daya tahan baterainya juga bagus. Saya mendapatkan sekitar 10 jam SOT, dan total waktu pengisian ulang baterainya 24 jam.

OneUI adalah salah satu pengalaman Android terbaik yang bisa Anda dapatkan.

Secara keseluruhan, ini adalah penawaran yang bagus. ",mes periode prapemesanan tukar op6 produk bagus jual kirim proses tukar flipkart bagus periode kembali galaxy buds watch classic kualitas kamera bagus daya tahan baterai bagus jam sot total isi ulang baterai jam oneui salah alam android baik dapat tawar bagus,0,0,0,0,0,0,0,0,0,0,0,0
"Ponsel ini memiliki kualitas kamera yang luar biasa
S Pen menjadi daya tarik tersendiri bagi pengguna yang sangat aktif. Dan kualitas layarnya juga terbaik...baterainya bisa lebih baik dibandingkan dengan iPhone
Secara keseluruhan, perangkat ini sangat cepat...harganya memang mahal, tetapi sepadan dengan penawaran yang diberikanð¤©ð¤©",,,"Ponsel ini memiliki kualitas kamera yang luar biasa
S Pen menjadi daya tarik tersendiri bagi pengguna yang sangat aktif. Dan kualitas layarnya juga terbaik...baterainya bisa lebih baik dibandingkan dengan iPhone
Secara keseluruhan, perangkat ini sangat cepat...harganya memang mahal, tetapi sepadan dengan penawaran yang diberikanð¤©ð¤© ",ponsel milik kualitas kamera sih pengin daya tarik sendiri guna aktif kualitas layar terbaikbaterainya banding perangkat cepatharganya mahal padan tawar,0,0,0,0,0,0,0,0,0,0,0,0
Yang terbaik dari yang terbaik. S23 Ultra adalah ponsel terbaik di dunia saat ini.,,,Yang terbaik dari yang terbaik. S23 Ultra adalah ponsel terbaik di dunia saat ini. ,baik baik s23 ultra ponsel baik dunia,0,0,0,0,0,0,1,0,0,0,0,0
"Saya bersyukur kepada Tuhan yang Maha Esa karena telah mengizinkan saya membeli perangkat impian andalan pertama saya. Perangkat ini bekerja seperti mentega paling lembut yang pernah saya lihat. Anda meletakkan apa pun di atasnya, dan perangkat ini akan bekerja dengan sangat baik.",,,"Saya bersyukur kepada Tuhan yang Maha Esa karena telah mengizinkan saya membeli perangkat impian andalan pertama saya. Perangkat ini bekerja seperti mentega paling lembut yang pernah saya lihat. Anda meletakkan apa pun di atasnya, dan perangkat ini akan bekerja dengan sangat baik. ",syukur tuhan maha esa izin beli perangkat impi andal perangkat mentega lembut lihat letak atas perangkat,0,0,0,0,0,0,0,0,0,0,0,0
"Ponsel yang fantastis dalam segala hal. Ini adalah Android terbaik di pasaran tanpa diragukan lagi dan saya merasa ini jauh lebih baik daripada iPhone terbaru dalam hal kualitas dan fitur.
Mencatat pengamatan saya setelah 2 minggu penggunaan
Kelebihan
1) Kamera yang fantastis dengan fitur super zoom yang dapat memperbesar dan mengambil foto berkualitas tinggi dari jarak jauh. Performa kamera luar biasa dalam cahaya redup dan Anda juga dapat mengambil foto Raw berkualitas tinggi
2) Tampilan (2k plus) dan kualitas suara luar biasa. Anda tidak dapat melakukan ini...
BACA SELENGKAPNYA",,,"Ponsel yang fantastis dalam segala hal. Ini adalah Android terbaik di pasaran tanpa diragukan lagi dan saya merasa ini jauh lebih baik daripada iPhone terbaru dalam hal kualitas dan fitur.
Mencatat pengamatan saya setelah 2 minggu penggunaan
Kelebihan
1) Kamera yang fantastis dengan fitur super zoom yang dapat memperbesar dan mengambil foto berkualitas tinggi dari jarak jauh. Performa kamera luar biasa dalam cahaya redup dan Anda juga dapat mengambil foto Raw berkualitas tinggi
2) Tampilan (2k plus) dan kualitas suara luar biasa. Anda tidak dapat melakukan ini...
BACA SELENGKAPNYA ",ponsel fantastis android baik pasar ragu baru kualitas fitur catat amat minggu guna lebih kamera fantastis fitur super zoom besar ambil foto kualitas jarak performa kamera cahaya redup ambil foto raw kualitas tampil plus kualitas suara baca lengkap,0,0,0,0,0,0,2,0,0,0,0,0
Produknya bagus sekali tetapi layanan Flipkart tidak. Saya tidak bisa mendapatkan penawaran yang ditawarkan bersama ponsel tersebut. Mohon berikan panduan kepada pelanggan dengan cara yang tepat untuk mendapatkan Buds dan Watch dengan harga penawaran setelah membeli ponsel tersebut.,,,Produknya bagus sekali tetapi layanan Flipkart tidak. Saya tidak bisa mendapatkan penawaran yang ditawarkan bersama ponsel tersebut. Mohon berikan panduan kepada pelanggan dengan cara yang tepat untuk mendapatkan Buds dan Watch dengan harga penawaran setelah membeli ponsel tersebut. ,produk bagus layan flipkart tawar tawar ponsel mohon pandu langgan buds watch harga tawar beli ponsel,0,0,0,0,0,0,1,0,0,0,0,0
"Luar biasa, tampilannya bagus dan khususnya terasa seperti kami memiliki mobil Mercedes. Perasaan dan sentuhan tidak akan pernah bisa dijelaskan. Saya harap kalian semua mengerti apa yang saya maksud? Singkatnya wow ð luar biasa",,,"Luar biasa, tampilannya bagus dan khususnya terasa seperti kami memiliki mobil Mercedes. Perasaan dan sentuhan tidak akan pernah bisa dijelaskan. Saya harap kalian semua mengerti apa yang saya maksud? Singkatnya wow ð luar biasa ",tampil bagus milik mobil mercedes asa sentuh harap erti maksud singkat wow,0,0,0,0,0,0,0,0,0,0,0,0
Semuanya baik-baik saja di telepon kecuali beberapa masalah pemanasan yang juga memengaruhi cadangan baterai,,,Semuanya baik-baik saja di telepon kecuali beberapa masalah pemanasan yang juga memengaruhi cadangan baterai ,baikbaik telepon kecuali panas pengaruh cadang baterai,0,0,0,0,0,0,0,0,0,0,0,0
"Salah satu ponsel dengan kamera terbaik ð¤³ ð±
#samsung galaxy s23 ultra ð¯ ð¤",,,"Salah satu ponsel dengan kamera terbaik ð¤³ ð±
#samsung galaxy s23 ultra ð¯ ð¤ ",salah ponsel kamera baik galaxy s23 ultra,0,0,0,0,0,0,1,0,0,0,0,0
"Salah satu ponsel dengan kamera terbaik ð¤³ ð±
#samsung galaxy s23 ultra ð¯ ð¤",,,"Salah satu ponsel dengan kamera terbaik ð¤³ ð±
#samsung galaxy s23 ultra ð¯ ð¤ ",salah ponsel kamera baik galaxy s23 ultra,0,0,0,0,0,0,1,0,0,0,0,0
Kamera hebat dan desain terbaik.,,,Kamera hebat dan desain terbaik. ,kamera hebat desain baik,0,0,0,0,0,0,0,0,0,0,0,0
Jangan membeli dari Flipkart karena pertama-tama mereka tidak akan menyebutkan dengan jelas cara memanfaatkan manfaat jam tangan dan kuncup dan karena saya tidak dapat memanfaatkan penawaran satu bintang bukan untuk perangkat itu untuk Flipkart,,,Jangan membeli dari Flipkart karena pertama-tama mereka tidak akan menyebutkan dengan jelas cara memanfaatkan manfaat jam tangan dan kuncup dan karena saya tidak dapat memanfaatkan penawaran satu bintang bukan untuk perangkat itu untuk Flipkart ,beli flipkart pertamatama manfaat manfaat jam tangan kuncup manfaat tawar bintang perangkat flipkart,0,0,0,0,0,0,0,0,0,0,0,0
"Performa Luar Biasa, Luar Biasa, iPhone 14 Pro Max yang Kalah, Samsung S23 Ultra ~ Android Blaster yang Terhebat ð",,,"Performa Luar Biasa, Luar Biasa, iPhone 14 Pro Max yang Kalah, Samsung S23 Ultra ~ Android Blaster yang Terhebat ð ",performa kalah s23 ultra android blaster hebat,0,0,0,0,0,0,0,0,0,0,0,0
"Ponsel pintar ini benar-benar hebat ð
Saya beralih ke ponsel Samsung setelah sekian lama tidak menggunakan Note 5.
Desainnya benar-benar mengagumkan dan sangat nyaman digenggam. Sisi yang sedikit lebih berat memang diharapkan, seperti judulnya yang mengatakan hebat.
Layar terbaik di pasaran adalah poin pertama yang membuat saya tertarik dengan ponsel ini.
Poin kedua yang saya suka dari ponsel ini adalah masa pakai baterainya yang luar biasa, meskipun layarnya sangat besar dan indah, ia dapat bertahan 8-9 jam penggunaan layar, yang sungguh menakjubkan.
UI yang indah dan lancar
Sejauh ini ...
BACA SELENGKAPNYA",,,"Ponsel pintar ini benar-benar hebat ð
Saya beralih ke ponsel Samsung setelah sekian lama tidak menggunakan Note 5.
Desainnya benar-benar mengagumkan dan sangat nyaman digenggam. Sisi yang sedikit lebih berat memang diharapkan, seperti judulnya yang mengatakan hebat.
Layar terbaik di pasaran adalah poin pertama yang membuat saya tertarik dengan ponsel ini.
Poin kedua yang saya suka dari ponsel ini adalah masa pakai baterainya yang luar biasa, meskipun layarnya sangat besar dan indah, ia dapat bertahan 8-9 jam penggunaan layar, yang sungguh menakjubkan.
UI yang indah dan lancar
Sejauh ini ...
BACA SELENGKAPNYA ",ponsel pintar benarbenar hebat alih ponsel sekian note desain benarbenar kagum nyaman genggam sisi berat harap judul hebat layar baik pasar poin tarik ponsel poin suka ponsel pakai baterai layar indah tahan jam guna layar sungguh takjub ui indah lancar baca lengkap,0,0,2,0,0,0,0,0,0,0,0,0
Pengalaman buruk dengan Flipkart. Mereka benar-benar menipu pelanggan. Penawarannya adalah paket untuk Buds dan Watch. Namun sekarang Flipkart mengatakan bahwa kita hanya dapat membeli salah satu dari keduanya. Ini benar-benar curang. Ini harus diselesaikan di pengadilan konsumen.,,,Pengalaman buruk dengan Flipkart. Mereka benar-benar menipu pelanggan. Penawarannya adalah paket untuk Buds dan Watch. Namun sekarang Flipkart mengatakan bahwa kita hanya dapat membeli salah satu dari keduanya. Ini benar-benar curang. Ini harus diselesaikan di pengadilan konsumen. ,alam buruk flipkart benarbenar tipu langgan tawar paket buds watch flipkart beli salah benarbenar curang selesai adil konsumen,0,0,0,0,0,0,0,0,0,0,0,0
"Kamera dan daya tahan baterai yang luar biasa.... Diupgrade dari Samsung Note 9 ke Pixel 6 Pro dan Akhirnya ke S23 Ultra...
Sangat senang dengan pembelian ini... Jepretan malam hari sangat bagus dibandingkan dengan Pixel....
Daya tahan baterainya luar biasa... Dengan wifi, saya mendapatkan waktu layar menyala sekitar 7-8 jam pada penggunaan berat...
Menggunakan Pixel 6 Pro (daya tahan baterai cukup rata-rata (4-5 jam) terus-menerus memanas, tidak dapat merekam video karena mati karena panas berlebih)
Tetapi S23 Ultra ini sangat bagus... Tidak ada penyesalan sama sekali......
BACA SELENGKAPNYA",,,"Kamera dan daya tahan baterai yang luar biasa.... Diupgrade dari Samsung Note 9 ke Pixel 6 Pro dan Akhirnya ke S23 Ultra...
Sangat senang dengan pembelian ini... Jepretan malam hari sangat bagus dibandingkan dengan Pixel....
Daya tahan baterainya luar biasa... Dengan wifi, saya mendapatkan waktu layar menyala sekitar 7-8 jam pada penggunaan berat...
Menggunakan Pixel 6 Pro (daya tahan baterai cukup rata-rata (4-5 jam) terus-menerus memanas, tidak dapat merekam video karena mati karena panas berlebih)
Tetapi S23 Ultra ini sangat bagus... Tidak ada penyesalan sama sekali......
BACA SELENGKAPNYA ",kamera daya tahan baterai diupgrade note pixel s23 ultra senang beli jepret malam bagus banding pixel daya tahan baterai wifi layar nyala jam guna berat pixel daya tahan baterai ratarata jam terusmenerus panas rekam video mati panas lebih s23 ultra bagus sesal baca lengkap,0,0,0,0,0,0,0,0,0,0,1,0
Produknya bagus tapi tolong beri petunjuk kepada pembeli tentang cara mengklaim penawaran jam tangan dan kuncup,,,Produknya bagus tapi tolong beri petunjuk kepada pembeli tentang cara mengklaim penawaran jam tangan dan kuncup ,produk bagus tolong tunjuk beli klaim tawar jam tangan kuncup,0,0,0,0,0,0,0,0,0,0,0,0
Beralih dari 13 pro max. Saya pikir saya telah membuat keputusan terbaik untuk tidak beralih ke 14 pro,,,Beralih dari 13 pro max. Saya pikir saya telah membuat keputusan terbaik untuk tidak beralih ke 14 pro ,alih pikir putus baik alih,0,0,0,0,0,0,0,0,0,0,0,0
"Ponsel yang luar biasa, pengalaman yang luar biasa ð",,,"Ponsel yang luar biasa, pengalaman yang luar biasa ð ",ponsel alam,0,0,0,0,0,0,1,0,0,0,0,0
"Kesederhanaan adalah desain terbaik, benar-benar luar biasa dalam segala aspek, perangkat terbaik yang pernah saya miliki sejauh ini, lebih baik dalam segala aspek daripada yang digigit ð",,,"Kesederhanaan adalah desain terbaik, benar-benar luar biasa dalam segala aspek, perangkat terbaik yang pernah saya miliki sejauh ini, lebih baik dalam segala aspek daripada yang digigit ð ",sederhana desain baik benarbenar aspek perangkat baik milik aspek gigit,0,0,0,0,0,0,0,0,0,0,0,0
"Ini adalah produk yang luar biasa dan saya mendapatkannya dengan harga yang luar biasa di flipkart, banyak sekali penawaran dan harga tukar pada perangkat seluler lama yang ditawarkan oleh flipkart",,,"Ini adalah produk yang luar biasa dan saya mendapatkannya dengan harga yang luar biasa di flipkart, banyak sekali penawaran dan harga tukar pada perangkat seluler lama yang ditawarkan oleh flipkart ",dapat harga flipkart tawar harga tukar perangkat seluler tawar flipkart,0,0,0,0,0,0,0,0,0,0,0,0
"Aku jatuh cinta, aku bilang pada kalian kalau kalian punya anggaran, lakukan saja.",,,"Aku jatuh cinta, aku bilang pada kalian kalau kalian punya anggaran, lakukan saja. ",jatuh cinta bilang anggar laku,0,0,0,0,0,0,0,0,0,0,0,0
"Produknya bagus, tetapi situs web Flipkart-nya jelek.
Tidak ada cara untuk mendapatkan Watch 4 dan Earbuds 2 dengan harga diskon seperti yang disebutkan di halaman prapemesanan.
Sudah mendapatkan ponselnya empat hari lalu, tetapi masih belum ada cara untuk menukarkannya.",,,"Produknya bagus, tetapi situs web Flipkart-nya jelek.
Tidak ada cara untuk mendapatkan Watch 4 dan Earbuds 2 dengan harga diskon seperti yang disebutkan di halaman prapemesanan.
Sudah mendapatkan ponselnya empat hari lalu, tetapi masih belum ada cara untuk menukarkannya. ",produk bagus situs web flipkartnya jelek watch earbuds harga diskon halaman prapemesanan ponselnya tukar,0,0,0,0,0,0,0,0,0,0,0,0
Bagus sekali ð,,,Bagus sekali ð ,bagus,0,2,0,0,0,0,0,0,0,0,0,0
"Produk yang luar biasa, harga yang bagus",,,"Produk yang luar biasa, harga yang bagus ",harga bagus,0,2,0,0,0,0,0,0,0,0,0,0
Ponsel terbaik sepanjang masa,,,Ponsel terbaik sepanjang masa ,ponsel baik,0,0,0,0,0,0,1,0,0,0,0,0
"Spesifikasi terbaik.
Perlu membeli pengisi daya secara terpisah untuk dukungan penuh 45W.
Pengisian dayanya memakan waktu 60 menit dan waktu layar menyala 6-7 jam.
Jaraknya hampir 10-15 km dari rumah saya dan zoom serta kejelasan setelah mengambil gambar sungguh mengagumkan.
Harus membeli yang ini karena fiturnya lebih sedikit daripada Apple. Potretnya juga bagus. Secara keseluruhan bagus tetapi sedikit lebih mahal jika dibandingkan dengan harga AS.",,,"Spesifikasi terbaik.
Perlu membeli pengisi daya secara terpisah untuk dukungan penuh 45W.
Pengisian dayanya memakan waktu 60 menit dan waktu layar menyala 6-7 jam.
Jaraknya hampir 10-15 km dari rumah saya dan zoom serta kejelasan setelah mengambil gambar sungguh mengagumkan.
Harus membeli yang ini karena fiturnya lebih sedikit daripada Apple. Potretnya juga bagus. Secara keseluruhan bagus tetapi sedikit lebih mahal jika dibandingkan dengan harga AS. ",spesifikasi baik beli isi daya pisah dukung penuh isi daya makan menit layar nyala jam jarak rumah zoom jelas ambil gambar sungguh kagum beli fiturnya potret bagus bagus mahal banding harga as,0,0,0,0,0,0,0,0,0,0,0,0
Luar biasa ð,,,Luar biasa ð ,,0,0,0,0,0,0,0,0,0,0,0,0
Lebih baik aku menelepon,,,Lebih baik aku menelepon ,telepon,0,0,0,0,0,0,0,0,0,0,0,0
"Baterai-
Ponsel akan mempelajari pola penggunaan jadi bersabarlah dan setelah beberapa hari Anda akan mendapatkan masa pakai baterai yang luar biasa.

Kamera-
Sangat bagus seperti yang disebutkan oleh orang lain. Jika objek memiliki detail maka 100x berfungsi dengan baik, jika tidak maka akan menjadi buram. Saya sarankan untuk menggunakan hingga 80x.

Ukuran- Ya, ini ponsel yang besar karena termasuk dalam seri Note.

Layar- sangat kuat jika Anda melihat ponsel lain, baru Anda akan menyadari dan merasakannya. Mata saya tidak pernah perih bahkan setelah 5 jam penggunaan tanpa henti.

Kecepatan Pengisian Daya- Beli hanya yang asli...
BACA SELENGKAPNYA",,,"Baterai-
Ponsel akan mempelajari pola penggunaan jadi bersabarlah dan setelah beberapa hari Anda akan mendapatkan masa pakai baterai yang luar biasa.

Kamera-
Sangat bagus seperti yang disebutkan oleh orang lain. Jika objek memiliki detail maka 100x berfungsi dengan baik, jika tidak maka akan menjadi buram. Saya sarankan untuk menggunakan hingga 80x.

Ukuran- Ya, ini ponsel yang besar karena termasuk dalam seri Note.

Layar- sangat kuat jika Anda melihat ponsel lain, baru Anda akan menyadari dan merasakannya. Mata saya tidak pernah perih bahkan setelah 5 jam penggunaan tanpa henti.

Kecepatan Pengisian Daya- Beli hanya yang asli...
BACA SELENGKAPNYA ",baterai ponsel ajar pola guna sabar pakai baterai kamera bagus orang objek milik detail fungsi buram saran ukur ya ponsel seri note layar kuat ponsel sadar rasa mata perih jam guna henti cepat isi daya beli asli baca lengkap,0,0,0,0,0,0,2,0,0,0,2,0
"Ini adalah ponsel pintar terbaik tahun 2023
Kualitas gambar dan videonya luar biasa.",,,"Ini adalah ponsel pintar terbaik tahun 2023
Kualitas gambar dan videonya luar biasa. ",ponsel pintar baik kualitas gambar video,0,0,0,0,0,0,1,0,0,0,0,0
"Pertama kali Anda melihatnya, tidak begitu mengesankan, tetapi begitu Anda menyentuhnya, betapa mengagumkannya. Perangkat ini estetis dan terlihat lebih baik dengan banyak cahaya di sekitarnya. Phantom black-nya mengagumkan.

Mengenai kamera, kamera ini lebih baik daripada ponsel mana pun di luar sana. Saat saya mengatakan ponsel apa pun yang menyertakan iPhone juga. Pertama kali dalam hidup saya, saya tidak ingin menambahkan filter atau mengedit foto saya. Foto-foto saya sempurna. Detail sempurna, warna sempurna, dan resolusi terbaik. Meskipun nightmo...
BACA SELENGKAPNYA",,,"Pertama kali Anda melihatnya, tidak begitu mengesankan, tetapi begitu Anda menyentuhnya, betapa mengagumkannya. Perangkat ini estetis dan terlihat lebih baik dengan banyak cahaya di sekitarnya. Phantom black-nya mengagumkan.

Mengenai kamera, kamera ini lebih baik daripada ponsel mana pun di luar sana. Saat saya mengatakan ponsel apa pun yang menyertakan iPhone juga. Pertama kali dalam hidup saya, saya tidak ingin menambahkan filter atau mengedit foto saya. Foto-foto saya sempurna. Detail sempurna, warna sempurna, dan resolusi terbaik. Meskipun nightmo...
BACA SELENGKAPNYA ",kali kesan sentuh betapa kagum perangkat estetis cahaya phantom blacknya kagum kamera kamera ponsel ponsel serta kali hidup filter edit foto fotofoto sempurna detail sempurna warna sempurna resolusi baik nightmo baca lengkap,0,0,0,0,0,0,2,0,0,0,0,0
"Layak dibeli, kameranya level berikutnya, sama seperti performanya",,,"Layak dibeli, kameranya level berikutnya, sama seperti performanya ",layak beli kamera level performa,0,0,0,0,0,0,2,0,0,0,0,0
kejernihan gambar yang sangat baik dan kinerja yang bagus juga,,,kejernihan gambar yang sangat baik dan kinerja yang bagus juga ,jernih gambar kerja bagus,0,0,0,0,0,0,0,0,0,0,0,0
"Berpindah dari iPhone 14 pro ke ultra, tampilan dan kameranya keren banget â¤ï¸",,,"Berpindah dari iPhone 14 pro ke ultra, tampilan dan kameranya keren banget â¤ï¸ ",pindah ultra tampil kamera keren banget,0,0,0,0,0,0,2,0,0,0,0,0
Orang-orang Flipkart tolong beri tahu kami cara memanfaatkan penawaran jam tangan pintar dan Galaxy Buds,,,Orang-orang Flipkart tolong beri tahu kami cara memanfaatkan penawaran jam tangan pintar dan Galaxy Buds ,orangorang flipkart tolong manfaat tawar jam tangan pintar galaxy buds,0,0,0,0,0,0,0,0,0,0,0,0
Menukar iPhone 11 saya dengan s23 ultra......ponsel yang mengagumkan....harus punya......semuanya baik-baik saja untuk ponsel ini daripada iPhone...,,,Menukar iPhone 11 saya dengan s23 ultra......ponsel yang mengagumkan....harus punya......semuanya baik-baik saja untuk ponsel ini daripada iPhone... ,tukar s23 ultraponsel mengagumkanharus punyasemuanya baikbaik ponsel,0,0,0,0,0,0,0,0,0,0,0,0
"Ponsel Android terbaik yang tersedia di pasaran. Tampilan yang indah untuk multimedia dan sistem suara yang menakjubkan. Prosesor yang luar biasa untuk operasi harian yang lancar dan multi-tasking. Tidak ada masalah pemanasan untuk penggunaan biasa. Bukan seorang gamer jadi tidak dapat mengomentari kinerja game atau masalah pemanasan. Daya tahan baterai yang luar biasa, dapat bertahan hampir 2 hari untuk penggunaan sedang dengan mudah 1 hari bahkan untuk penggunaan berat. Terakhir, kameranya....akan memberikan persaingan ketat pada iPhone. Gambar dan video yang mengagumkan. Fotografi malam adalah level berikutnya....
BACA SELENGKAPNYA",,,"Ponsel Android terbaik yang tersedia di pasaran. Tampilan yang indah untuk multimedia dan sistem suara yang menakjubkan. Prosesor yang luar biasa untuk operasi harian yang lancar dan multi-tasking. Tidak ada masalah pemanasan untuk penggunaan biasa. Bukan seorang gamer jadi tidak dapat mengomentari kinerja game atau masalah pemanasan. Daya tahan baterai yang luar biasa, dapat bertahan hampir 2 hari untuk penggunaan sedang dengan mudah 1 hari bahkan untuk penggunaan berat. Terakhir, kameranya....akan memberikan persaingan ketat pada iPhone. Gambar dan video yang mengagumkan. Fotografi malam adalah level berikutnya....
BACA SELENGKAPNYA ",ponsel android baik sedia pasar tampil indah multimedia sistem suara takjub prosesor operasi hari lancar multitasking panas guna gamer komentar kerja game panas daya tahan baterai tahan guna mudah guna berat kameranyaakan saing ketat gambar video kagum fotografi malam level baca lengkap,0,0,0,0,0,0,0,0,0,0,0,0
"Ini terlalu bagus. PERTAMA, PENGIRIMAN AMAN DARI FLIPKART. PAKET BARU YANG TERSEGEL. KAMERANYA LUAR BIASA. ZOOMNYA TENANG DAN BAGUS. BAHKAN GAGAL DI IPHONE.",,,"Ini terlalu bagus. PERTAMA, PENGIRIMAN AMAN DARI FLIPKART. PAKET BARU YANG TERSEGEL. KAMERANYA LUAR BIASA. ZOOMNYA TENANG DAN BAGUS. BAHKAN GAGAL DI IPHONE. ",bagus kirim aman flipkart paket segel kamera zoomnya tenang bagus gagal,0,0,0,0,0,0,2,0,0,0,0,0
Penawaran prapemesanan Samsung Watch 4 Classic LTE dan Buds 2 tidak diaktifkan oleh Flipkart dan Samsung juga tidak terganggu. Pengalaman yang mengerikan. Samsung mengolok-olok panggilan saat kami menghubungi mereka. Jangan beli ini,,,Penawaran prapemesanan Samsung Watch 4 Classic LTE dan Buds 2 tidak diaktifkan oleh Flipkart dan Samsung juga tidak terganggu. Pengalaman yang mengerikan. Samsung mengolok-olok panggilan saat kami menghubungi mereka. Jangan beli ini ,tawar prapemesanan watch classic lte buds aktif flipkart ganggu alam keri mengolokolok panggil hubung beli,0,0,0,0,0,0,0,0,0,0,0,0
Ponsel luar biasa yang bentuknya mirip iPhone 14 pro max,,,Ponsel luar biasa yang bentuknya mirip iPhone 14 pro max ,ponsel bentuk,0,1,0,0,0,0,1,0,0,0,0,0
"Hanya satu kata yang bisa diucapkan... Sempurna, Sempurna, Sempurna...

Jangan pilih iPhone karena ada yang terbaik",,,"Hanya satu kata yang bisa diucapkan... Sempurna, Sempurna, Sempurna...

Jangan pilih iPhone karena ada yang terbaik ",sempurna sempurna sempurna pilih baik,0,0,0,0,0,0,0,0,0,0,0,0
Perangkat paling hebat dalam kategori android ð.,,,Perangkat paling hebat dalam kategori android ð. ,perangkat hebat kategori android,0,0,0,0,0,0,0,0,0,0,0,0
Ponsel Unggulan Premium Terbaik,,,Ponsel Unggulan Premium Terbaik ,ponsel unggul premium baik,0,0,0,0,0,0,1,0,0,0,0,0
"Kameranya bagus, performanya juga bagus tapi pemanasan dan pengisian dayanya tidak maksimal",,,"Kameranya bagus, performanya juga bagus tapi pemanasan dan pengisian dayanya tidak maksimal ",kamera bagus performa bagus panas isi daya maksimal,0,0,0,0,0,0,0,0,0,0,0,0
Kamera terbaik dan luar biasa....layarnya mengagumkan,,,Kamera terbaik dan luar biasa....layarnya mengagumkan ,kamera baik biasalayarnya kagum,0,0,0,0,0,0,2,0,0,0,0,0
"Nuansa Flagship-nya Luar Biasa ð¤©
Gambar yang diambil dari ponsel ini menakjubkan.
Performa kamera sudut lebarnya Luar Biasa ð¤©.
Foto 10x menangkap Detail yang bagus ð¥
Ia juga Menangani game Kelas Atas - Halus seperti Mentega ð",,,"Nuansa Flagship-nya Luar Biasa ð¤©
Gambar yang diambil dari ponsel ini menakjubkan.
Performa kamera sudut lebarnya Luar Biasa ð¤©.
Foto 10x menangkap Detail yang bagus ð¥
Ia juga Menangani game Kelas Atas - Halus seperti Mentega ð ",nuansa flagshipnya gambar ambil ponsel takjub performa kamera sudut lebar foto tangkap detail bagus tangan game kelas halus mentega,0,0,0,0,0,0,2,0,0,0,0,0
"Belum pernah lihat nike rhis kualitas kameranya ð
Terima kasih samsung s23 ultra",,,"Belum pernah lihat nike rhis kualitas kameranya ð
Terima kasih samsung s23 ultra ",lihat nike rhis kualitas kamera terima kasih s23 ultra,0,0,0,0,0,0,2,0,0,0,0,0
"Ponsel terkuat dan tercanggih di dunia saat ini, dan ponsel andalan Samsung terbaik sejak Note 10+. Semua hal tentang ponsel ini hebat, dan sejauh ini saya tidak memiliki keluhan apa pun dari penggunaan selama 6 minggu.

Daya tahan baterainya luar biasa - dapat bertahan seharian penuh bahkan dengan penggunaan berat.

Untuk pengguna yang lebih teknis - saya mendapatkan waktu layar menyala sekitar 9 jam untuk baterai 100%, dibandingkan dengan 6 jam pada Note 20 Ultra saya.

Prosesor dan kecepatannya luar biasa. Lebih cepat, lebih kuat, dan lebih cerdas daripada ponsel mana pun...
BACA SELENGKAPNYA",,,"Ponsel terkuat dan tercanggih di dunia saat ini, dan ponsel andalan Samsung terbaik sejak Note 10+. Semua hal tentang ponsel ini hebat, dan sejauh ini saya tidak memiliki keluhan apa pun dari penggunaan selama 6 minggu.

Daya tahan baterainya luar biasa - dapat bertahan seharian penuh bahkan dengan penggunaan berat.

Untuk pengguna yang lebih teknis - saya mendapatkan waktu layar menyala sekitar 9 jam untuk baterai 100%, dibandingkan dengan 6 jam pada Note 20 Ultra saya.

Prosesor dan kecepatannya luar biasa. Lebih cepat, lebih kuat, dan lebih cerdas daripada ponsel mana pun...
BACA SELENGKAPNYA ",ponsel kuat canggih dunia ponsel andal baik note ponsel hebat milik keluh guna minggu daya tahan baterai tahan hari penuh guna berat guna teknis layar nyala jam baterai banding jam note ultra prosesor cepat cepat kuat cerdas ponsel baca lengkap,0,0,0,0,0,0,1,0,0,0,2,0
Beberapa foto dengan ponsel impianku.,,,Beberapa foto dengan ponsel impianku. ,foto ponsel impi,0,0,0,0,0,0,1,0,0,0,0,0
Telepon Arumayana.... Telepon Adutha,,,Telepon Arumayana.... Telepon Adutha ,telepon arumayana telepon adutha,0,0,0,0,0,0,0,0,0,0,0,0
Legenda di Android.....pembunuh,,,Legenda di Android.....pembunuh ,legenda androidpembunuh,0,0,0,0,0,0,0,0,0,0,0,0
"Ultimate Ultra...
Samsung telah melakukan kerja yang luar biasa dengan Qualcomm dalam hal pengoptimalan dan kinerja secara keseluruhan. Kejernihan kamera dan daya tahan baterai di level berikutnya.",,,"Ultimate Ultra...
Samsung telah melakukan kerja yang luar biasa dengan Qualcomm dalam hal pengoptimalan dan kinerja secara keseluruhan. Kejernihan kamera dan daya tahan baterai di level berikutnya. ",ultimate ultra kerja qualcomm optimal kerja jernih kamera daya tahan baterai level,0,0,0,0,0,0,0,0,0,0,0,0
"Ponsel pintar Android terbaik yang dapat Anda beli saat ini mengalahkan iPhone 15 pro max
Kamera dan daya tahan baterainya luar biasa
Saya mendapatkan 10 jam SOT dengan mode hemat daya
Anda dapat mengambil foto sekelas DSLR",,,"Ponsel pintar Android terbaik yang dapat Anda beli saat ini mengalahkan iPhone 15 pro max
Kamera dan daya tahan baterainya luar biasa
Saya mendapatkan 10 jam SOT dengan mode hemat daya
Anda dapat mengambil foto sekelas DSLR ",ponsel pintar android baik beli kalah kamera daya tahan baterai jam sot mode hemat daya ambil foto kelas dslr,0,0,0,0,0,0,2,0,0,0,0,0
"Produknya fantastis. Ini ponsel Samsung pertama saya dan sejujurnya agak skeptis sebelum membelinya. Namun, ternyata luar biasa.
1. AI memang butuh beberapa hari untuk mengenali penggunaan saya guna menyediakan cadangan yang lebih baik, setelah beberapa hari penggunaan, baterai saya bertahan lebih dari sehari.
2. Tidak ada kata-kata untuk kinerja dan kamera. Taruhan di kelas.
3. Jam tangan dan buds yang sudah diperbarui, hari ini saya mendapatkan buds dan akan mendapatkan jam tangan besok. Deskripsi mengenai keduanya tidak jelas, tetapi setelah 7 hari pengiriman ponsel, saya mendapatkan...
BACA SELENGKAPNYA",,,"Produknya fantastis. Ini ponsel Samsung pertama saya dan sejujurnya agak skeptis sebelum membelinya. Namun, ternyata luar biasa.
1. AI memang butuh beberapa hari untuk mengenali penggunaan saya guna menyediakan cadangan yang lebih baik, setelah beberapa hari penggunaan, baterai saya bertahan lebih dari sehari.
2. Tidak ada kata-kata untuk kinerja dan kamera. Taruhan di kelas.
3. Jam tangan dan buds yang sudah diperbarui, hari ini saya mendapatkan buds dan akan mendapatkan jam tangan besok. Deskripsi mengenai keduanya tidak jelas, tetapi setelah 7 hari pengiriman ponsel, saya mendapatkan...
BACA SELENGKAPNYA ",produk fantastis ponsel jujur skeptis bel butuh nali guna sedia cadang guna baterai tahan hari katakata kerja kamera taruh kelas jam tangan buds baru buds jam tangan besok deskripsi kirim ponsel baca lengkap,0,0,0,0,0,0,1,0,0,0,0,0
"Kameranya keren, baterainya tahan 2 hari",,,"Kameranya keren, baterainya tahan 2 hari ",kamera keren baterai tahan,0,0,0,0,0,0,2,0,0,0,1,0
"Ponsel Pintar Premium Terbaik yang saat ini dapat Anda beli di pasaran.

Kelebihan:-
1. Bokeh seperti DSLR dan kemampuan zoom yang mengagumkan.
2. Layar full quad hd besar tanpa halangan.
3. Audio sebening kristal untuk musik
4. Pena S untuk Catatan.
5. Foto yang lebih baik dibandingkan dengan seri iPhone 15 (jika Anda lebih suka foto sebagai alasan utama untuk membeli ini)
6. Nightography sangat menakjubkan.
7. Lensa optik 10x adalah pengubah permainan bagi orang-orang yang menyukai fotografi.

Kekurangan:-
1. Masalah fokus terkadang terjadi saat cahaya redup.
2. Beberapa orang mungkin merasa...
BACA SELENGKAPNYA",,,"Ponsel Pintar Premium Terbaik yang saat ini dapat Anda beli di pasaran.

Kelebihan:-
1. Bokeh seperti DSLR dan kemampuan zoom yang mengagumkan.
2. Layar full quad hd besar tanpa halangan.
3. Audio sebening kristal untuk musik
4. Pena S untuk Catatan.
5. Foto yang lebih baik dibandingkan dengan seri iPhone 15 (jika Anda lebih suka foto sebagai alasan utama untuk membeli ini)
6. Nightography sangat menakjubkan.
7. Lensa optik 10x adalah pengubah permainan bagi orang-orang yang menyukai fotografi.

Kekurangan:-
1. Masalah fokus terkadang terjadi saat cahaya redup.
2. Beberapa orang mungkin merasa...
BACA SELENGKAPNYA ",ponsel pintar premium baik beli pasar lebih bokeh dslr mampu zoom kagum layar full quad hd halang audio bening kristal musik pena sih catat foto banding seri suka foto alas utama beli nightography takjub lensa optik ubah main orangorang suka fotografi kurang fokus terkadang cahaya redup orang baca lengkap,0,0,0,0,0,0,0,0,0,0,0,0
Bagus,,,Bagus ,bagus,0,2,0,0,0,0,0,0,0,0,0,0
Produk bagus...,,,Produk bagus... ,bagus,0,2,0,0,0,0,0,0,0,0,0,0
Produk yang bagus,,,Produk yang bagus ,bagus,0,2,0,0,0,0,0,0,0,0,0,0
Samsung melakukan pekerjaan yang sangat baik,,,Samsung melakukan pekerjaan yang sangat baik ,kerja,0,0,0,0,0,0,0,0,0,0,0,0
Terbaik dari android,,,Terbaik dari android ,baik android,0,0,0,0,0,0,0,0,0,0,0,0
Ini adalah ponsel terbaik Samsung saat ini. Kualitas yang dimiliki Samsung S23 Ultra adalah yang terbaik.,,,Ini adalah ponsel terbaik Samsung saat ini. Kualitas yang dimiliki Samsung S23 Ultra adalah yang terbaik. ,ponsel baik kualitas milik s23 ultra baik,0,0,0,0,0,0,1,0,0,0,0,0
"Secara keseluruhan ponselnya bagus, sepadan dengan harganya, tetapi tetap saja tidak mendapatkan tawaran jam tangan dan earbud!!",,,"Secara keseluruhan ponselnya bagus, sepadan dengan harganya, tetapi tetap saja tidak mendapatkan tawaran jam tangan dan earbud!! ",ponselnya bagus padan harga tawar jam tangan earbud,0,0,0,0,0,0,0,0,0,0,0,0
Ini luar biasa..,,,Ini luar biasa.. ,,0,0,0,0,0,0,0,0,0,0,0,0
"Saya memberi bintang 5 hanya karena ponsel ini luar biasa. Namun, saya ingin memberi peringkat negatif untuk layanan Flipkart karena mereka butuh waktu 12 hari untuk mengirimkan ponsel ini.",,,"Saya memberi bintang 5 hanya karena ponsel ini luar biasa. Namun, saya ingin memberi peringkat negatif untuk layanan Flipkart karena mereka butuh waktu 12 hari untuk mengirimkan ponsel ini. ",bintang ponsel peringkat negatif layan flipkart butuh kirim ponsel,0,0,0,0,0,0,1,0,0,0,0,0
"Ponsel bagus, kamera terbaik, nyaman di tangan, terbaik di pasaran ð",,,"Ponsel bagus, kamera terbaik, nyaman di tangan, terbaik di pasaran ð ",ponsel bagus kamera baik nyaman tangan baik pasar,0,0,0,0,0,0,1,0,0,0,0,0
"Samsung S23 Ultra adalah mbl terbaik hingga saat ini dari perusahaan tersebut. UI-nya sangat cepat & lancar. Kameranya ditingkatkan dari sebelumnya. Masalah panas sama sekali tidak terasa setelah menggunakan mbl. Baterainya sangat bagus, memiliki SOT sekitar 7-8 jam dengan penggunaan campuran. S Pen adalah hal lain yang sangat kami sukai yang sama dengan S22 Ultra. Dari segi desain tidak ada perubahan kecuali layar yang lebih datar.
Memesan ponsel di muka pada tanggal 8 Februari, dikirim pada tanggal 23 Februari, jadi saya juga memesan Samsung Galaxy ...
BACA SELENGKAPNYA",,,"Samsung S23 Ultra adalah mbl terbaik hingga saat ini dari perusahaan tersebut. UI-nya sangat cepat & lancar. Kameranya ditingkatkan dari sebelumnya. Masalah panas sama sekali tidak terasa setelah menggunakan mbl. Baterainya sangat bagus, memiliki SOT sekitar 7-8 jam dengan penggunaan campuran. S Pen adalah hal lain yang sangat kami sukai yang sama dengan S22 Ultra. Dari segi desain tidak ada perubahan kecuali layar yang lebih datar.
Memesan ponsel di muka pada tanggal 8 Februari, dikirim pada tanggal 23 Februari, jadi saya juga memesan Samsung Galaxy ...
BACA SELENGKAPNYA ",s23 ultra mbl baik usaha uinya cepat lancar kamera tingkat panas mbl baterai bagus milik sot jam guna campur sih pengin suka s22 ultra segi desain ubah kecuali layar datar mes ponsel muka tanggal februari kirim tanggal februari mes galaxy baca lengkap,0,0,0,0,0,0,0,0,0,0,0,0
"Setelah satu bulan pemakaian, saya merasa pengenalan wajah dan pemindai sidik jari tidak bagus...sebagai model teratas dari Samsung, seharusnya berfungsi dengan sempurna..malam hari tidak mengenali wajah Anda dan untuk pemindai sidik jari, Anda harus berusaha keras untuk membuka kunci ponsel dengan memindai jari Anda beberapa kali dengan menerapkan jumlah kekuatan yang berbeda pada layar.",,,"Setelah satu bulan pemakaian, saya merasa pengenalan wajah dan pemindai sidik jari tidak bagus...sebagai model teratas dari Samsung, seharusnya berfungsi dengan sempurna..malam hari tidak mengenali wajah Anda dan untuk pemindai sidik jari, Anda harus berusaha keras untuk membuka kunci ponsel dengan memindai jari Anda beberapa kali dengan menerapkan jumlah kekuatan yang berbeda pada layar. ",pakai kenal wajah pindai sidik jari bagussebagai model atas fungsi sempurnamalam nali wajah pindai sidik jari usaha keras buka kunci ponsel pindai jari kali terap kuat beda layar,0,1,0,0,0,0,0,0,0,0,0,0
"Ponsel kelas atas, tidak ada ponsel yang dapat menandingi ponsel ini. Samsung selalu hebat. Akurasi latensi super S-Pen sungguh menakjubkan. Samsung bekerja sangat baik pada bagian Baterai dan berhasil 100%. Audio meningkat pesat. Kecerahan luar biasa. Ponsel terbaik tahun ini secara keseluruhan.",,,"Ponsel kelas atas, tidak ada ponsel yang dapat menandingi ponsel ini. Samsung selalu hebat. Akurasi latensi super S-Pen sungguh menakjubkan. Samsung bekerja sangat baik pada bagian Baterai dan berhasil 100%. Audio meningkat pesat. Kecerahan luar biasa. Ponsel terbaik tahun ini secara keseluruhan. ",ponsel kelas ponsel tanding ponsel hebat akurasi latensi super spen sungguh takjub baterai hasil audio tingkat pesat cerah ponsel baik,0,0,0,0,0,0,0,0,0,0,0,0
"Raja ponsel di tahun 2023. Produk yang cukup premium dengan kamera, perangkat lunak, dll. yang hampir sempurna. Anda tidak akan salah memilih ponsel ini. Terkesan dengan tampilannya, audio, tampilan, produktivitas, dan S Pen yang melengkapinya. Ponsel ini memenuhi semua persyaratan, kecuali untuk game berat, yang mungkin sedikit memanaskan ponsel jika Anda menggunakannya dengan casing. Adaptor pengisi daya dan film pelindung layar yang sudah terpasang diharapkan, tetapi Samsung ingin kita mengeluarkan sedikit (banyak) uang ekstra. Secara keseluruhan, ponsel yang luar biasa, semacam...
BACA SELENGKAPNYA",,,"Raja ponsel di tahun 2023. Produk yang cukup premium dengan kamera, perangkat lunak, dll. yang hampir sempurna. Anda tidak akan salah memilih ponsel ini. Terkesan dengan tampilannya, audio, tampilan, produktivitas, dan S Pen yang melengkapinya. Ponsel ini memenuhi semua persyaratan, kecuali untuk game berat, yang mungkin sedikit memanaskan ponsel jika Anda menggunakannya dengan casing. Adaptor pengisi daya dan film pelindung layar yang sudah terpasang diharapkan, tetapi Samsung ingin kita mengeluarkan sedikit (banyak) uang ekstra. Secara keseluruhan, ponsel yang luar biasa, semacam...
BACA SELENGKAPNYA ",raja ponsel premium kamera perangkat lunak dll sempurna salah pilih ponsel kes tampil audio tampil produktivitas sih pengin lengkap ponsel penuh syarat kecuali game berat panas ponsel guna casing adaptor isi daya film lindung layar pasang harap keluar uang ekstra ponsel baca lengkap,0,0,0,0,0,0,1,0,0,0,0,0
Ponsel kualitas terbaik dunia s23 sayang kalian semua,,,Ponsel kualitas terbaik dunia s23 sayang kalian semua ,ponsel kualitas baik dunia s23 sayang,0,0,0,0,0,0,1,0,0,0,0,0
"Produk yang bagus. Pertama kali menggunakan perangkat Samsung dan sejauh ini sangat bagus. Akan menulis lebih detail setelah beberapa minggu penggunaan. Namun, pengalaman keseluruhan sejauh ini sangat baik. Layak dibeli.",,,"Produk yang bagus. Pertama kali menggunakan perangkat Samsung dan sejauh ini sangat bagus. Akan menulis lebih detail setelah beberapa minggu penggunaan. Namun, pengalaman keseluruhan sejauh ini sangat baik. Layak dibeli. ",bagus kali perangkat bagus tulis detail minggu guna alam layak beli,0,0,0,0,0,0,0,0,0,0,0,0
Saya hanya bisa mengatakan dia adalah bapak iPhone dan semua ponsel lainnya,,,Saya hanya bisa mengatakan dia adalah bapak iPhone dan semua ponsel lainnya ,ponsel,0,1,0,0,0,0,1,0,0,0,0,0
"Saya membelinya 2 bulan lalu. Flip kart menawarkan harga yang bagus. Sebelumnya saya menggunakan Apple 12 Pro Max. Kecuali fungsi zoom, kamera Apple jauh lebih baik. Saya membeli ponsel Samsung hanya karena S-Pen. Secara keseluruhan, ponsel ini sangat bagus. Desain dan kesan Apple lebih premium. Samsung masih perlu memperbaikinya.",,,"Saya membelinya 2 bulan lalu. Flip kart menawarkan harga yang bagus. Sebelumnya saya menggunakan Apple 12 Pro Max. Kecuali fungsi zoom, kamera Apple jauh lebih baik. Saya membeli ponsel Samsung hanya karena S-Pen. Secara keseluruhan, ponsel ini sangat bagus. Desain dan kesan Apple lebih premium. Samsung masih perlu memperbaikinya. ",bel flip kart tawar harga bagus kecuali fungsi zoom kamera beli ponsel spen ponsel bagus desain kesan premium baik,0,2,0,0,0,0,2,0,0,0,0,0
"Ponsel android terbaik tahun 2023.
Kamera adalah yang terbaik. Anda dapat memperoleh hasil yang luar biasa secara keseluruhan jika Anda tahu cara menggunakan kamera dengan pengaturan yang sempurna.

Daya tahan baterai hampir 18 hingga 22 jam berdasarkan jaringan yang Anda gunakan dan SOT yang Anda miliki.

Saya telah memainkan BGMI selama satu bulan terakhir di S23 Ultra dan kelancaran penggunaan ponsel ini berada di level berikutnya.

Layar AMOLED QHD luar biasa dan sebanding dengan layar Apple 15.

S-pen berguna jika Anda tahu cara menggunakannya.",,,"Ponsel android terbaik tahun 2023.
Kamera adalah yang terbaik. Anda dapat memperoleh hasil yang luar biasa secara keseluruhan jika Anda tahu cara menggunakan kamera dengan pengaturan yang sempurna.

Daya tahan baterai hampir 18 hingga 22 jam berdasarkan jaringan yang Anda gunakan dan SOT yang Anda miliki.

Saya telah memainkan BGMI selama satu bulan terakhir di S23 Ultra dan kelancaran penggunaan ponsel ini berada di level berikutnya.

Layar AMOLED QHD luar biasa dan sebanding dengan layar Apple 15.

S-pen berguna jika Anda tahu cara menggunakannya. ",ponsel android baik kamera baik oleh hasil kamera atur sempurna daya tahan baterai jam dasar jaring sot milik main bgmi s23 ultra lancar guna ponsel level layar amoled qhd banding layar spen guna guna,0,0,0,0,0,0,1,0,0,0,0,0
Ponsel bagus untuk Samsung,,,Ponsel bagus untuk Samsung ,ponsel bagus,0,2,0,0,0,0,1,0,0,0,0,0
"Kualitas kameranya mengagumkan. Ia mengambil gambar seperti DSLR. Mode kedalamannya juga hebat.
Daya tahan baterainya sedikit lebih rendah dari yang diharapkan dari ponsel unggulan.
Dari segi kinerja, saya tidak akan mengatakan yang terbaik, tetapi di atas rata-rata.
Pengisian daya cepat adalah hal yang biasa jika dibandingkan dengan OnePlus.",,,"Kualitas kameranya mengagumkan. Ia mengambil gambar seperti DSLR. Mode kedalamannya juga hebat.
Daya tahan baterainya sedikit lebih rendah dari yang diharapkan dari ponsel unggulan.
Dari segi kinerja, saya tidak akan mengatakan yang terbaik, tetapi di atas rata-rata.
Pengisian daya cepat adalah hal yang biasa jika dibandingkan dengan OnePlus. ",kualitas kamera kagum ambil gambar dslr mode dalam hebat daya tahan baterai rendah harap ponsel unggul segi kerja baik ratarata isi daya cepat banding oneplus,0,0,0,0,0,0,0,0,0,0,0,0
"Membeli Maharaja ini setelah banyak melakukan riset. Mengenai perbandingan dengan perangkat lain di pasaran, saya dapat meringkas komentar saya dalam satu kalimat-
Komitmen Jangka Panjang atau Kesenangan Jangka Pendek- pilihan ada di tangan Anda.

Yang saya rasakan adalah merek lain bersaing dengan Samsung S23 Ultra, bukan sebaliknya. Perangkat ini sarat dengan keanggunan, gaya, performa, daya, dan ð.

Perangkat ini sudah jauh lebih unggul dari ponsel lain yang diluncurkan di pasaran. Jadi perbandingan antara ...
BACA SELENGKAPNYA",,,"Membeli Maharaja ini setelah banyak melakukan riset. Mengenai perbandingan dengan perangkat lain di pasaran, saya dapat meringkas komentar saya dalam satu kalimat-
Komitmen Jangka Panjang atau Kesenangan Jangka Pendek- pilihan ada di tangan Anda.

Yang saya rasakan adalah merek lain bersaing dengan Samsung S23 Ultra, bukan sebaliknya. Perangkat ini sarat dengan keanggunan, gaya, performa, daya, dan ð.

Perangkat ini sudah jauh lebih unggul dari ponsel lain yang diluncurkan di pasaran. Jadi perbandingan antara ...
BACA SELENGKAPNYA ",beli maharaja riset banding perangkat pasar ringkas komentar kalimat komitmen jangka senang jangka pendek pilih tangan rasa merek saing s23 ultra perangkat sarat anggun gaya performa daya perangkat unggul ponsel luncur pasar banding baca lengkap,0,0,0,0,0,0,0,0,0,0,0,0
Produknya bagus banget ð luar biasa,,,Produknya bagus banget ð luar biasa ,produk bagus banget,0,2,0,0,0,0,0,0,0,0,0,0
"Ponsel impian saya
Kameranya sangat bagus",,,"Ponsel impian saya
Kameranya sangat bagus ",ponsel impi kamera bagus,0,2,0,0,0,0,2,0,0,0,0,0
Bagus ð,,,Bagus ð ,bagus,0,2,0,0,0,0,0,0,0,0,0,0
Aku jatuh cinta sama ini ð±,,,Aku jatuh cinta sama ini ð± ,jatuh cinta,0,2,0,0,0,0,0,0,0,0,0,0
"Keren ð±
Baterainya keren ð",,,"Keren ð±
Baterainya keren ð ",keren baterai keren,0,0,0,0,0,0,0,0,0,0,2,0
Sangat senang dengan pembelian ini. Ponsel android terbaik tahun ini!,,,Sangat senang dengan pembelian ini. Ponsel android terbaik tahun ini! ,senang beli ponsel android baik,0,0,0,0,0,0,1,0,0,0,0,0
produk yang sangat bagus.,,,produk yang sangat bagus. ,bagus,0,2,0,0,0,0,0,0,0,0,0,0
Ponsel yang sangat bagus,,,Ponsel yang sangat bagus ,ponsel bagus,0,2,0,0,0,0,1,0,0,0,0,0
Raja Android ð¤´,,,Raja Android ð¤´ ,raja android,0,0,0,0,0,0,0,0,0,0,0,0
"Samsung s23 ultra adalah yang terbaik. Saya suka Kamera, layar, performa semuanya, tetapi perlu meningkatkan daya tahan baterai. Akhirnya ponsel ini jauh lebih baik daripada ponsel lain di dunia.",,,"Samsung s23 ultra adalah yang terbaik. Saya suka Kamera, layar, performa semuanya, tetapi perlu meningkatkan daya tahan baterai. Akhirnya ponsel ini jauh lebih baik daripada ponsel lain di dunia. ",s23 ultra baik suka kamera layar performa tingkat daya tahan baterai ponsel ponsel dunia,0,0,2,0,0,0,2,0,0,0,0,0
Salah satu yang terbaik di semua kategori..saya sangat menyukainya..Anda hanya butuh ponsel serba guna seperti ini.,,,Salah satu yang terbaik di semua kategori..saya sangat menyukainya..Anda hanya butuh ponsel serba guna seperti ini. ,salah baik kategorisaya menyukainyaanda butuh ponsel serba,0,0,0,0,0,0,1,0,0,0,0,0
Luar biasa. Kamera luar biasa. Luar biasa,,,Luar biasa. Kamera luar biasa. Luar biasa ,kamera,0,0,0,0,0,0,2,0,0,2,0,0
"Yang Terbaik dari Samsung... Lakukanlah... Anda tidak akan kecewa...
Daya tahan baterai terbaik yang pernah ada di ponsel android...
Kamera terbaik...
Tampilan menawan...",,,"Yang Terbaik dari Samsung... Lakukanlah... Anda tidak akan kecewa...
Daya tahan baterai terbaik yang pernah ada di ponsel android...
Kamera terbaik...
Tampilan menawan... ",baik laku kecewa daya tahan baterai baik ponsel android kamera baik tampil tawan,0,0,0,0,0,0,1,0,0,0,0,0
Produknya luar biasa.,,,Produknya luar biasa. ,produk,0,0,0,0,0,0,0,0,0,0,0,0
Foto bulan diperbesar,,,Foto bulan diperbesar ,foto besar,0,0,0,0,0,0,2,0,0,0,0,0
Pengalaman yang luar biasa. Kamera dan performa yang luar biasa. Tidak ada ponsel lain yang dapat menandinginya.,,,Pengalaman yang luar biasa. Kamera dan performa yang luar biasa. Tidak ada ponsel lain yang dapat menandinginya. ,alam kamera performa ponsel tanding,0,0,0,0,0,0,2,0,0,0,0,0
"Raja Android, bapak iPhone, lakukan saja, jika Anda memiliki gandhiji..",,,"Raja Android, bapak iPhone, lakukan saja, jika Anda memiliki gandhiji.. ",raja android laku milik gandhiji,0,0,0,0,0,0,0,0,0,0,0,0
Ponsel yang mengagumkan. Terbaik dalam segala hal dibanding iPhone,,,Ponsel yang mengagumkan. Terbaik dalam segala hal dibanding iPhone ,ponsel kagum baik banding,0,0,0,0,0,0,1,0,0,0,0,0
"Hal terbaik yang dapat dibeli dengan uang, lakukan saja.",,,"Hal terbaik yang dapat dibeli dengan uang, lakukan saja. ",baik beli uang laku,0,0,0,0,0,0,1,0,0,0,0,0
Kamera sangat bagus,,,Kamera sangat bagus ,kamera bagus,0,2,0,0,0,0,2,0,0,0,0,0
"Hal terbaik yang dapat dibeli dengan uang, lakukan saja.",,,"Hal terbaik yang dapat dibeli dengan uang, lakukan saja. ",baik beli uang laku,0,0,0,0,0,0,1,0,0,0,0,0
"Ini terlalu bagus. PERTAMA, PENGIRIMAN AMAN DARI FLIPKART. PAKET BARU YANG TERSEGEL. KAMERANYA LUAR BIASA. ZOOMNYA TENANG DAN BAGUS. BAHKAN GAGAL DI IPHONE.",,,"Ini terlalu bagus. PERTAMA, PENGIRIMAN AMAN DARI FLIPKART. PAKET BARU YANG TERSEGEL. KAMERANYA LUAR BIASA. ZOOMNYA TENANG DAN BAGUS. BAHKAN GAGAL DI IPHONE. ",bagus kirim aman flipkart paket segel kamera zoomnya tenang bagus gagal,0,0,0,0,0,0,2,0,0,0,0,0
"Luar biasa. Jika dibandingkan antara 14 pro max dan s23 ultra, pilih s23 ultra. Semua yang saya temukan bagus setelah menggunakannya selama 15 hari kecuali kinerja baterainya. Saya tidak mengatakan baterainya tidak bagus. Dalam penggunaan normal seperti browsing, mendengarkan lagu, lalu Anda mengisinya di suatu tempat, baterainya cepat habis. Hal-hal lainnya sangat bagus. Kameranya sudah saya uji dan secara pribadi saya lebih menyukainya. Kualitas layar untuk tujuan hiburan adalah yang terbaik. Mendukung netflix hdr dan prime hdr sony live dolby vision.",,,"Luar biasa. Jika dibandingkan antara 14 pro max dan s23 ultra, pilih s23 ultra. Semua yang saya temukan bagus setelah menggunakannya selama 15 hari kecuali kinerja baterainya. Saya tidak mengatakan baterainya tidak bagus. Dalam penggunaan normal seperti browsing, mendengarkan lagu, lalu Anda mengisinya di suatu tempat, baterainya cepat habis. Hal-hal lainnya sangat bagus. Kameranya sudah saya uji dan secara pribadi saya lebih menyukainya. Kualitas layar untuk tujuan hiburan adalah yang terbaik. Mendukung netflix hdr dan prime hdr sony live dolby vision. ",banding s23 ultra pilih s23 ultra temu bagus guna kecuali kerja baterai baterai bagus guna normal browsing dengar lagu isi baterai cepat habis halhal bagus kamera uji pribadi suka kualitas layar tuju hibur baik dukung netflix hdr prime hdr sony live dolby vision,0,0,0,0,0,0,0,0,0,0,1,0
Ponsel terbaik,,,Ponsel terbaik ,ponsel baik,0,0,0,0,0,0,1,0,0,0,0,0
Produk yang sangat bagus dan kinerja yang baik di setiap area,,,Produk yang sangat bagus dan kinerja yang baik di setiap area ,bagus kerja area,0,0,0,0,0,0,0,0,0,0,0,0
"Ponsel ini memiliki kualitas kamera yang luar biasa
S Pen menjadi daya tarik tersendiri bagi pengguna yang sangat aktif. Dan kualitas layarnya juga terbaik...baterainya bisa lebih baik dibandingkan dengan iPhone
Secara keseluruhan, perangkat ini sangat cepat...harganya memang mahal, tetapi sepadan dengan penawaran yang diberikanð¤©ð¤©",,,"Ponsel ini memiliki kualitas kamera yang luar biasa
S Pen menjadi daya tarik tersendiri bagi pengguna yang sangat aktif. Dan kualitas layarnya juga terbaik...baterainya bisa lebih baik dibandingkan dengan iPhone
Secara keseluruhan, perangkat ini sangat cepat...harganya memang mahal, tetapi sepadan dengan penawaran yang diberikanð¤©ð¤© ",ponsel milik kualitas kamera sih pengin daya tarik sendiri guna aktif kualitas layar terbaikbaterainya banding perangkat cepatharganya mahal padan tawar,0,0,0,0,0,0,0,0,0,0,0,0
Bagus sekali,,,Bagus sekali ,bagus,0,2,0,0,0,0,0,0,0,0,0,0
Telepon yang bagus,,,Telepon yang bagus ,telepon bagus,0,0,0,0,0,0,0,0,0,0,0,0
Ponsel Unggulan Premium Terbaik,,,Ponsel Unggulan Premium Terbaik ,ponsel unggul premium baik,0,0,0,0,0,0,1,0,0,0,0,0
"Produk yang bagus. Pertama kali menggunakan perangkat Samsung dan sejauh ini sangat bagus. Akan menulis lebih detail setelah beberapa minggu penggunaan. Namun, pengalaman keseluruhan sejauh ini sangat baik. Layak dibeli.",,,"Produk yang bagus. Pertama kali menggunakan perangkat Samsung dan sejauh ini sangat bagus. Akan menulis lebih detail setelah beberapa minggu penggunaan. Namun, pengalaman keseluruhan sejauh ini sangat baik. Layak dibeli. ",bagus kali perangkat bagus tulis detail minggu guna alam layak beli,0,0,0,0,0,0,0,0,0,0,0,0
"Setelah satu bulan pemakaian, saya merasa pengenalan wajah dan pemindai sidik jari tidak bagus...sebagai model teratas dari Samsung, seharusnya berfungsi dengan sempurna..malam hari tidak mengenali wajah Anda dan untuk pemindai sidik jari, Anda harus berusaha keras untuk membuka kunci ponsel dengan memindai jari Anda beberapa kali dengan menerapkan jumlah kekuatan yang berbeda pada layar.",,,"Setelah satu bulan pemakaian, saya merasa pengenalan wajah dan pemindai sidik jari tidak bagus...sebagai model teratas dari Samsung, seharusnya berfungsi dengan sempurna..malam hari tidak mengenali wajah Anda dan untuk pemindai sidik jari, Anda harus berusaha keras untuk membuka kunci ponsel dengan memindai jari Anda beberapa kali dengan menerapkan jumlah kekuatan yang berbeda pada layar. ",pakai kenal wajah pindai sidik jari bagussebagai model atas fungsi sempurnamalam nali wajah pindai sidik jari usaha keras buka kunci ponsel pindai jari kali terap kuat beda layar,0,1,0,0,0,0,0,0,0,0,0,0
Ponsel kualitas terbaik dunia s23 sayang kalian semua,,,Ponsel kualitas terbaik dunia s23 sayang kalian semua ,ponsel kualitas baik dunia s23 sayang,0,0,0,0,0,0,1,0,0,0,0,0
Luar biasa. Kamera luar biasa. Luar biasa,,,Luar biasa. Kamera luar biasa. Luar biasa ,kamera,0,0,0,0,0,0,2,0,0,2,0,0
"Ponsel ini luar biasa.. Kamera, kinerja, tampilan semuanya sempurna.
Saya sudah menggunakannya selama 2 bulan terakhir dan tidak menemukan satu pun masalah.",,,"Ponsel ini luar biasa.. Kamera, kinerja, tampilan semuanya sempurna.
Saya sudah menggunakannya selama 2 bulan terakhir dan tidak menemukan satu pun masalah. ",ponsel kamera kerja tampil sempurna guna temu,0,0,0,0,0,0,2,0,0,0,0,0
"Ponsel kelas atas, tidak ada ponsel yang dapat menandingi ponsel ini. Samsung selalu hebat. Akurasi latensi super S-Pen sungguh menakjubkan. Samsung bekerja sangat baik pada bagian Baterai dan berhasil 100%. Audio meningkat pesat. Kecerahan luar biasa. Ponsel terbaik tahun ini secara keseluruhan.",,,"Ponsel kelas atas, tidak ada ponsel yang dapat menandingi ponsel ini. Samsung selalu hebat. Akurasi latensi super S-Pen sungguh menakjubkan. Samsung bekerja sangat baik pada bagian Baterai dan berhasil 100%. Audio meningkat pesat. Kecerahan luar biasa. Ponsel terbaik tahun ini secara keseluruhan. ",ponsel kelas ponsel tanding ponsel hebat akurasi latensi super spen sungguh takjub baterai hasil audio tingkat pesat cerah ponsel baik,0,0,0,0,0,0,0,0,0,0,0,0
Produknya luar biasa.,,,Produknya luar biasa. ,produk,0,0,0,0,0,0,0,0,0,0,0,0
Pengalaman buruk dengan Flipkart. Mereka benar-benar menipu pelanggan. Penawarannya adalah paket untuk Buds dan Watch. Namun sekarang Flipkart mengatakan bahwa kita hanya dapat membeli salah satu dari keduanya. Ini benar-benar curang. Ini harus diselesaikan di pengadilan konsumen.,,,Pengalaman buruk dengan Flipkart. Mereka benar-benar menipu pelanggan. Penawarannya adalah paket untuk Buds dan Watch. Namun sekarang Flipkart mengatakan bahwa kita hanya dapat membeli salah satu dari keduanya. Ini benar-benar curang. Ini harus diselesaikan di pengadilan konsumen. ,alam buruk flipkart benarbenar tipu langgan tawar paket buds watch flipkart beli salah benarbenar curang selesai adil konsumen,0,0,0,0,0,0,0,0,0,0,0,0
Terbaik yang pernah saya pakai. Sudah ganti merk dari banyak merk. Tapi kali ini Samsung memberikan kepuasan yang luar biasa dalam segala aspek,,,Terbaik yang pernah saya pakai. Sudah ganti merk dari banyak merk. Tapi kali ini Samsung memberikan kepuasan yang luar biasa dalam segala aspek ,baik pakai ganti merk merk kali puas aspek,0,0,0,0,0,0,0,0,0,0,0,0
Ponsel yang mengagumkan,,,Ponsel yang mengagumkan ,ponsel kagum,0,0,0,0,0,0,1,0,0,0,0,0
"Yang Terbaik dari Samsung... Lakukanlah... Anda tidak akan kecewa...
Daya tahan baterai terbaik yang pernah ada di ponsel android...
Kamera terbaik...
Tampilan menawan...",,,"Yang Terbaik dari Samsung... Lakukanlah... Anda tidak akan kecewa...
Daya tahan baterai terbaik yang pernah ada di ponsel android...
Kamera terbaik...
Tampilan menawan... ",baik laku kecewa daya tahan baterai baik ponsel android kamera baik tampil tawan,0,0,0,0,0,0,1,0,0,0,0,0
Kelas yang berbeda â¤ï¸,,,Kelas yang berbeda â¤ï¸ ,kelas beda,0,0,0,0,0,0,0,0,0,0,0,0
Salah satu perangkat terbaik di pasaran. Lakukan saja.,,,Salah satu perangkat terbaik di pasaran. Lakukan saja. ,salah perangkat baik pasar laku,0,0,0,0,0,0,0,0,0,0,0,0
Ponsel terbaik sepanjang masa,,,Ponsel terbaik sepanjang masa ,ponsel baik,0,0,0,0,0,0,1,0,0,0,0,0
"Hal terburuk yang pernah saya lakukan dalam hidup saya adalah membeli ponsel ini
Jangan pilih kameranya, Anda bisa mendapatkan kamera yang lebih bagus di iPhone 14 pro, ponsel ini mengambil foto yang buram, ponsel ini mengiklankan kamera, ponsel ini masih tidak puas dengan kameranya ð sebaiknya pilih iPhone 14 pro untuk kamera yang lebih bagus",,,"Hal terburuk yang pernah saya lakukan dalam hidup saya adalah membeli ponsel ini
Jangan pilih kameranya, Anda bisa mendapatkan kamera yang lebih bagus di iPhone 14 pro, ponsel ini mengambil foto yang buram, ponsel ini mengiklankan kamera, ponsel ini masih tidak puas dengan kameranya ð sebaiknya pilih iPhone 14 pro untuk kamera yang lebih bagus ",buruk laku hidup beli ponsel pilih kamera kamera bagus ponsel ambil foto buram ponsel iklan kamera ponsel puas kamera pilih kamera bagus,0,1,0,0,0,0,2,0,0,0,0,0
Produk bagus,,,Produk bagus ,bagus,0,2,0,0,0,0,0,0,0,0,0,0
Baterai cadangan terburuk,,,Baterai cadangan terburuk ,baterai cadang buruk,0,0,0,0,0,0,0,0,0,0,1,0
Ponsel luar biasa yang bentuknya mirip iPhone 14 pro max,,,Ponsel luar biasa yang bentuknya mirip iPhone 14 pro max ,ponsel bentuk,0,1,0,0,0,0,1,0,0,0,0,0
"Ini adalah produk yang luar biasa dan saya mendapatkannya dengan harga yang luar biasa di flipkart, banyak sekali penawaran dan harga tukar pada perangkat seluler lama yang ditawarkan oleh flipkart",,,"Ini adalah produk yang luar biasa dan saya mendapatkannya dengan harga yang luar biasa di flipkart, banyak sekali penawaran dan harga tukar pada perangkat seluler lama yang ditawarkan oleh flipkart ",dapat harga flipkart tawar harga tukar perangkat seluler tawar flipkart,0,0,0,0,0,0,0,0,0,0,0,0
Hebat,,,Hebat ,hebat,0,0,0,0,0,0,0,0,0,0,0,0
"Ponsel yang fantastis dalam segala hal. Ini adalah Android terbaik di pasaran tanpa diragukan lagi dan saya merasa ini jauh lebih baik daripada iPhone terbaru dalam hal kualitas dan fitur.
Mencatat pengamatan saya setelah 2 minggu penggunaan
Kelebihan
1) Kamera yang fantastis dengan fitur super zoom yang dapat memperbesar dan mengambil foto berkualitas tinggi dari jarak jauh. Performa kamera luar biasa dalam cahaya redup dan Anda juga dapat mengambil foto Raw berkualitas tinggi
2) Tampilan (2k plus) dan kualitas suara luar biasa. Anda tidak dapat melakukan ini...
BACA SELENGKAPNYA",,,"Ponsel yang fantastis dalam segala hal. Ini adalah Android terbaik di pasaran tanpa diragukan lagi dan saya merasa ini jauh lebih baik daripada iPhone terbaru dalam hal kualitas dan fitur.
Mencatat pengamatan saya setelah 2 minggu penggunaan
Kelebihan
1) Kamera yang fantastis dengan fitur super zoom yang dapat memperbesar dan mengambil foto berkualitas tinggi dari jarak jauh. Performa kamera luar biasa dalam cahaya redup dan Anda juga dapat mengambil foto Raw berkualitas tinggi
2) Tampilan (2k plus) dan kualitas suara luar biasa. Anda tidak dapat melakukan ini...
BACA SELENGKAPNYA ",ponsel fantastis android baik pasar ragu baru kualitas fitur catat amat minggu guna lebih kamera fantastis fitur super zoom besar ambil foto kualitas jarak performa kamera cahaya redup ambil foto raw kualitas tampil plus kualitas suara baca lengkap,0,0,0,0,0,0,2,0,0,0,0,0
Terbaik dari android,,,Terbaik dari android ,baik android,0,0,0,0,0,0,0,0,0,0,0,0
Produknya bagus banget ð luar biasa,,,Produknya bagus banget ð luar biasa ,produk bagus banget,0,2,0,0,0,0,0,0,0,0,0,0
"Belum pernah lihat ponsel seperti ini, suka banget â¤ï¸ ð ð â£ï¸",,,"Belum pernah lihat ponsel seperti ini, suka banget â¤ï¸ ð ð â£ï¸ ",lihat ponsel suka banget,1,2,0,0,0,0,2,0,0,0,0,0
Hebat,,,Hebat ,hebat,0,0,0,0,0,0,0,0,0,0,0,0
"Produk yang luar biasa dan fitur yang mengagumkan, zoom tak tertandingi

Tampilan yang luar biasa dan masa pakai baterai yang baik. S pen adalah master di liganya sendiri.

Saat menempelkan pelindung layar, pastikan lem tidak bocor ke speaker atau modul S pen karena dapat menimbulkan masalah

Untuk memanfaatkan penawaran

Silakan buka

Akun
Kupon
Semua hadiah dan gulir ke bawah

Anda akan mendapatkan penawaran yang disebutkan dan Anda dapat memesannya jika Anda memenuhi syarat

Selamat berbelanja",,,"Produk yang luar biasa dan fitur yang mengagumkan, zoom tak tertandingi

Tampilan yang luar biasa dan masa pakai baterai yang baik. S pen adalah master di liganya sendiri.

Saat menempelkan pelindung layar, pastikan lem tidak bocor ke speaker atau modul S pen karena dapat menimbulkan masalah

Untuk memanfaatkan penawaran

Silakan buka

Akun
Kupon
Semua hadiah dan gulir ke bawah

Anda akan mendapatkan penawaran yang disebutkan dan Anda dapat memesannya jika Anda memenuhi syarat

Selamat berbelanja ",fitur kagum zoom tanding tampil pakai baterai sih pengin master liga tempel lindung layar pasti lem bocor speaker modul sih pengin timbul manfaat tawar sila buka akun kupon hadiah gulir tawar mes penuh syarat selamat belanja,0,0,0,0,0,0,0,0,0,0,0,0
"Ponsel yang luar biasa, pengalaman yang luar biasa ð",,,"Ponsel yang luar biasa, pengalaman yang luar biasa ð ",ponsel alam,0,0,0,0,0,0,1,0,0,0,0,0
"Hanya di iklan.
Tidak begitu bagus.
Kecepatannya buruk
Perlu banyak perbaikan",,,"Hanya di iklan.
Tidak begitu bagus.
Kecepatannya buruk
Perlu banyak perbaikan ",iklan bagus cepat buruk baik,0,0,0,0,0,0,0,0,0,0,0,0
telepon yang bagus,,,telepon yang bagus ,telepon bagus,0,0,0,0,0,0,0,0,0,0,0,0
Android terbaik ð± 2023,,,Android terbaik ð± 2023 ,android baik,0,0,0,0,0,0,0,0,0,0,0,0
Luar biasa,,,Luar biasa ,,0,0,0,0,0,0,0,0,0,0,0,0
